Quantity,Part Number,Manufacturer Part Number,Manufacturer Name,Description
1,1.50KXBK-ND,MFR-25FBF52-1K5,YAGEO,RES 1.5K OHM 1% 1/4W AXIAL
3,100XBK-ND,MFR-25FBF52-100R,YAGEO,RES 100 OHM 1% 1/4W AXIAL
50,1109PHCT-ND,A104K15X7RF5TAA,Vishay Beyschlag/Draloric/BC Components,CAP CER 0.1UF 50V X7R AXIAL
3,1175-1479-ND,243-20-1-03,CNC Tech,CONN IC DIP SOCKET 20POS TIN
2,1175-2551-ND,243-24-1-06,CNC Tech,CONN IC DIP SOCKET 24POS TIN
1,1189-1145-ND,16YXJ4700M16X25,Rubycon,CAP ALUM 4700UF 20% 16V RADIAL
4,1934-1364-ND,2743007111,Fair-Rite Products Corp.,FERRITE BEAD AXIAL 1LN
1,2019-CF1/4CT52R510JCT-ND,CF1/4CT52R510J,"KOA Speer Electronics, Inc.",RES 51 OHM 5% 1/4W AXIAL
1,2447-GKG50015-ND,GKG50015,EW Electronics,CAP TRIMMER 10-50PF 100V TH
1,2449-J0971CS5VDC.45-ND,J0971CS5VDC.45,CIT Relay and Switch,RELAY GEN PURPOSE SPDT 10A 5V
1,296-1627-5-ND,SN74LS02N,Texas Instruments,IC GATE NOR 4CH 2-INP 14DIP
1,296-1639-5-ND,SN74LS138N,Texas Instruments,IC DECODER/DEMUX 1X3:8 16DIP
1,296-1653-5-ND,SN74LS244N,Texas Instruments,IC BUF NON-INVERT 5.25V 20DIP
1,296-1657-5-ND,SN74LS273N,Texas Instruments,IC FF D-TYPE SNGL 8BIT 20DIP
3,36-1211-ND,1211,Keystone Electronics,CONN QC TAB 0.110 SOLDER
1,401-1223-ND,F2UEE,C&K,SWITCH PUSH DPDT 0.5A 125V
2,445-180756-1-ND,FA28C0G2E151JNU06,TDK Corporation,CAP CER 150PF 250V C0G RADIAL
2,445-180775-1-ND,FA28NP01H330JNU06,TDK Corporation,CAP CER 33PF 50V NP0 RADIAL
1,490-9014-1-ND,RDE5C1H390J0M1H03A,Murata Electronics,CAP CER 39PF 50V C0G/NP0 RADIAL
2,490-9030-1-ND,RDE5C1H560J0M1H03A,Murata Electronics,CAP CER 56PF 50V C0G/NP0 RADIAL
1,493-10824-1-ND,UES1E100MDM1TD,Nichicon,CAP ALUM 10UF 20% 25V RADIAL
2,493-1809-ND,UPW1E100MDD,Nichicon,CAP ALUM 10UF 20% 25V RADIAL
1,718-2229-ND,515D105M050JA6AE3,Vishay Sprague,CAP ALUM 1UF 20% 50V RADIAL
11,A120349-ND,1-2199298-4,TE Connectivity AMP Connectors,CONN IC DIP SOCKET 16POS TIN
1,A144434-ND,6-520415-6,TE Connectivity AMP Connectors,CONN FFC VERT 16POS 2.54MM PCB
1,CF12JT100RCT-ND,CF12JT100R,Stackpole Electronics Inc,RES 100 OHM 5% 1/2W AXIAL
1,CF12JT220RCT-ND,CF12JT220R,Stackpole Electronics Inc,RES 220 OHM 5% 1/2W AXIAL
2,CF14JT100KCT-ND,CF14JT100K,Stackpole Electronics Inc,RES 100K OHM 5% 1/4W AXIAL
10,CF14JT10K0CT-ND,CF14JT10K0,Stackpole Electronics Inc,RES 10K OHM 5% 1/4W AXIAL
1,CF14JT150RCT-ND,CF14JT150R,Stackpole Electronics Inc,RES 150 OHM 5% 1/4W AXIAL
3,CF14JT1K00CT-ND,CF14JT1K00,Stackpole Electronics Inc,RES 1K OHM 5% 1/4W AXIAL
1,CF14JT270RCT-ND,CF14JT270R,Stackpole Electronics Inc,RES 270 OHM 5% 1/4W AXIAL
10,CF14JT4K70CT-ND,CF14JT4K70,Stackpole Electronics Inc,RES 4.7K OHM 5% 1/4W AXIAL
1,CF14JT510RCT-ND,CF14JT510R,Stackpole Electronics Inc,RES 510 OHM 5% 1/4W AXIAL
1,CF14JT9K10CT-ND,CF14JT9K10,Stackpole Electronics Inc,RES 9.1K OHM 5% 1/4W AXIAL
1,CP-2340-ND,SDS-40J,CUI Devices,CONN RCPT FMALE DIN 4POS SOLDER
1,CP-2350-ND,SDS-50J,CUI Devices,CONN RCPT FMALE DIN 5POS SOLDER
2,CP-2360-ND,SDS-60J,CUI Devices,CONN RCPT FMALE DIN 6POS SOLDER
1,CTX088-ND,MP143,CTS-Frequency Controls,CRYSTAL 14.31818MHZ SERIES TH
5,ED3048-5-ND,ED40DT,On Shore Technology Inc.,CONN IC DIP SOCKET 40POS TIN
1,HS110-ND,501603B00000G,"Aavid, Thermal Division of Boyd Corporation","HEAT SINK TO-3 1.25"" COMPACT"
1,S9672-ND,EBC20DRAS,Sullins Connector Solutions,CONN EDGE DUAL FMALE 40POS 0.100
1,SW410-ND,B3F-3152,Omron Electronics Inc-EMC Div,SWITCH TACTILE SPST-NO 0.05A 24V
1,SW451-ND,B32-1010,Omron Electronics Inc-EMC Div,CAP TACTILE SQUARE BLACK
1,AE9989-ND,A 14-LC-TT,Assmann WSW Components,CONN IC DIP SOCKET 14POS TIN
1,AE9986-ND,A 08-LC-TT,Assmann WSW Components,CONN IC DIP SOCKET 8POS TIN
2,P10369CT-ND,ECA-1CM101B,Panasonic Electronic Components,CAP ALUM 100UF 20% 16V RADIAL
1,A105964CT-ND,LR1LJR10,TE Connectivity Passive Product,RES 0.1 OHM 5% 1/2W AXIAL
6,1N4148FS-ND,1N4148,onsemi,DIODE GEN PURP 100V 200MA DO35
11,399-14073-1-ND,C317C223M5U5TA7301,KEMET,CAP CER 0.022UF 50V Z5U RADIAL
1,4610X-1-472LF-ND,4610X-101-472LF,Bourns Inc.,RES ARRAY 9 RES 4.7K OHM 10SIP
1,399-13913-1-ND,C315C102K1R5TA7301,KEMET,CAP CER 1000PF 100V X7R RADIAL
2,1N4002GDICT-ND,1N4002G-T,Diodes Incorporated,DIODE GEN PURP 100V 1A DO41
2,1N5401GDICT-ND,1N5401G-T,Diodes Incorporated,DIODE GEN PURP 100V 3A AXIAL
1,2N3055GOS-ND,2N3055G,onsemi,TRANS NPN 60V 15A TO204
1,1514-PN2222APBFREE-ND,PN2222A PBFREE,Central Semiconductor Corp,TRANS NPN 40V 0.8A TO92-3
1,296-NE555P-ND,NE555P,Texas Instruments,IC OSC SINGLE TIMER 100KHZ 8-DIP
3,1N4148FS-ND,1N4148,onsemi,DIODE GEN PURP 100V 200MA DO35
1,493-12679-1-ND,UVP1C100MDD1TD,Nichicon,CAP ALUM 10UF 20% 16V RADIAL
